{  
    "herbs" : [
      {
        "commonName":"Angelica",
        "botanicalName":"Angelica Archangelica",
        "icon":"images/icons/",
        "imageUrl":"https://s-media-cache-ak0.pinimg.com/236x/6d/97/9c/6d979cba5e2ff892098f7f9dc66b6875.jpg"
      },
   
      {
        "commonName":"Anise hyssop",
        "botanicalName":"Agastache foeniculum",
        "icon":"images/icons/Anise",
        "imageUrl": "http://plantillustrations.org/ILLUSTRATIONS_full_size/46129.jpg"
      },
      {    
        "commonName":"Sweet Basil",
        "botanicalName":"Ocimum basiculum",
        "icon":"images/icons/Basil",
        "imageUrl": "http://paisleycarrot.com/wp-content/uploads/2012/02/basil-drawing.jpg"

      },
        {
        "commonName":"Bay Leaf",
        "botanicalName":"Laurus",
        "icon":"images/icons/Bay",
        "imageUrl": "http://essentialhealth.com/wp-content/uploads/2013/02/Bay-Leaf-drawing.jpeg"

      },
      {
        "commonName":"Echinachea purpurea",
        "botanicalName":" Echinacea purpurea",
        "icon":"images/icons/",

        "imageUrl": "https://valwebb.files.wordpress.com/2007/10/botanicalconeflower.jpg"

      },
      {
        "commonName":"Fennel",
        "botanicalName":"Foeniculum vulgare",
        "icon":"images/icons/Fennel",
        "imageUrl": "http://media-cache-ak0.pinimg.com/736x/84/98/ef/8498ef8c1c3737f2dfa439d2a491e4fc.jpg"

      },
      {
        "commonName":"Lavender",
        "botanicalName":"Lavandula",
        "icon":"images/icons/Rosemary",
        "imageUrl": "http://www.jonnsaromatherapy.com/images/plant_images/Lavender%20(English)_il2.jpg"

      },
      {
        "commonName":"Lemon Balm",
        "botanicalName":"Melissa officinalis",
        "icon":"images/icons/Margoram",
        "imageUrl": "http://www.gardenguides.com/img-old/herbs/art/lemonbalm.gif"

      },
      
      {
        "commonName":"St Johns Wort",
        "botanicalName":"Hypericum",
        "icon":"images/icons/",
        "imageUrl": "http://www.rjwhelan.co.nz/herbs%20A-Z/herb%20images/st_johns_wort_botanical_drawing.jpg"

      }
    
    ]
}
